rs_id,Tm,GC content(%),probe_len,SNP_chr,SNP_position,probe_sequence
rs1001007,69.8279020719779,42.5,80,3,46387167,GTGGACACAAATGAAAGATACCCCCTTCCTACTATGAATTCTAAGTGTGTACTACCCAAGATGAGTCAATCGGATCCTAG
rs1004234,68.19237575618843,39.473684210526315,76,5,132421409,CATTTTCACCAAATTGTAACTTGTAACTTCACAAGAGCCCATCAGCAGGAATTTCTATGCGTGTTTTAATGCCTGG
rs10045403,67.21358168362839,32.038834951456316,103,5,96812030,TCGTGTCAACAAGGAGGTAAGTCACCATGACATATTTCTTAAATTTGTATTTCTTTCATCACTAATGAGACTGAATATATGCACTGAACATATGTTAATTAGC
rs10093384,66.41109879328937,27.86885245901639,122,8,87623714,GGATTTCAGAGTTTTATCTTTTAATTTAATATTTTATCAGTGGAGATTTTTAATAGAATGAAATATTTAATTTTTAAAATGATGCCGGTTCCTTCATAGTCTCTGAAGCTAAAGACAGAGGC
rs1013210,67.9029020719779,35.95505617977528,89,8,24259209,TCTCAACAAGAGACATAGTGTTTATATTGACATCACCGGGAATGGTAGCATTTAAAATAAAGTGAATGAGGAGAACAAGAAGTGACTTG
rs10171979,69.1060270719779,45.3125,64,2,112065743,CTGCACACACACTCCACACCCCATACAGGAACCAATTCAGGTTTGCATTTCATTTCCTTTCCTT
rs1018326,65.43270339648122,23.178807947019866,151,2,181143073,TCAAAATATCATCTTCATTATAATTCCAAAAATATAATGAAAGAAAAATTAAAATGATAACCTATCTTATTCTTACAATTAACTTAAGATTTTTTTGAGTTATTTCCATCTATATACTGGAATCTTAATACTGACCTTGGCATTAAAGTCC
rs10280089,75.6529020719779,75.0,40,7,38667217,CCTCCCCCAGCCCCCCACCCCCCAACAGGCCAGGGTGTGT
rs10440635,67.5279020719779,35.22727272727273,88,5,40490688,CAAAAGTCTTTCCTACCAGAGAAATTTTTTTTAAAGGCAAACCTCAAACTTAATAAACTTTCCTAGGCATTAAACCGCACATAGGACC
rs10510607,67.7779020719779,37.5,80,3,28244770,ACTTCGTCTCAAAAAAAAAAAAAAGAGGAAATAGGGATAATTCCAGTTTTTGTATGTCAGCAGCTGGGTGGAAGGTCATG
rs10743181,72.76004492912077,61.224489795918366,49,11,2208529,CTGGCAGACCAGGGTGAGCCCATGGCCTAGAAAACCAGAAGGACCGGGA
rs10748781,70.42075921483506,51.78571428571429,56,10,99523573,CGGCAGTGTTTATTTTCAAGGCAGCTTCCAGTCAATCCTGTCACCGGGGCACATTC
rs10750899,69.35360629733002,43.66197183098591,71,11,58517478,GGTCCACAGCATCTTCCATTCTCTCCTAATCCACTGCATTGTAGCTTCAACTGTTTCTACTCCACTATGTT
rs10758669,69.22234651642235,43.05555555555556,72,9,4981602,GGAACTGATGTAGAGACAAGGACATGCTGAAGTACAGAGGAGGTATTGGAAAATTTCTTTGCCATAGCCAAC
rs10761648,72.5029020719779,60.0,50,10,62594503,ACTACCTAGCAGGGTGCCTGGCTCTTGGCTGATGCTCTGGGTCTGTGGAC
rs10775412,67.55881605047253,34.40860215053764,93,17,27542007,CTTTGTTTTTCTTTACTCAATGTTGAATACACAGTACATCCCATCAGAAGTCTGGAAGGGTCTGTAGTATTTTCAGTTACACATGATTGTATT
rs10781500,67.14328668736252,31.73076923076923,104,9,136374886,CCATGTTCTCTAACCATATCGGAAGCTAAAAATCGGTAACAGATATTGGCAAAATCTCTAAATATTTGGAAATTAAATAATATACCGCTAAATAACCCACAGAT
rs10800314,66.23063316441488,27.73109243697479,119,1,161502999,CCAAGACTTGGGACTCTCAAGATATTTTACTAAATGACAATGAAAAACAAATAAATTTAAAAAATTATAAAAAAAATAATATCCATTGCAGAGGGTACAACAGTTACTTAGGAATGAGG
rs10822050,67.91354036985025,35.1063829787234,94,10,62679011,CACTTCGTAAGAGTTCCTAAAATCTTTTCCATAAGGTTTTCAATTTACTTTGTCTTGATCCATCAGAGGAATCACTATATATGGCAGCTATAGC
rs10865331,70.06419239455856,48.38709677419355,62,2,62324337,GTCTAAGTGACTGACTTTGGTGCCGTATCTACCAAGTGGTCAAGCTGATGCCATTGCAAGTC
rs10870077,71.47186758921927,53.44827586206896,58,9,136369439,CGGGAAGGTTGAACACGGTTTTCCCTGAGAGTAGGCTGGGGTGGGGAAGTATTGACTT
rs10889676,66.74984084748812,31.63265306122449,98,1,67256884,CAACCTCATGTCATCTGAACAAAGGGTTTCTAGGCTAAAAATAAAATAATTTTTAAAAGTTCAAAAACAACTGGTCAACAGAATAGAGTCTGAGTTCT
rs10988542,72.43481696559492,61.702127659574465,47,9,129894985,AGGCAGGAGAATCGCTTGAACCTGGGGGAGGCGGAGGTTGCAGTGAG
rs10995271,70.7254827171392,50.0,62,10,62678726,CTTGCTCCAGTCACCAGCTAACTCATGCTCTCTCTCAGGTCTCAGATGAAATGCAGCTTCCT
rs11065898,70.81030947938531,53.70370370370371,54,12,111424771,GGGCCAAGGGTGCTCAGACCACAATTCTTGCATGTGCTTGCCAGGTAGTCAACT
rs11098964,64.91698657902015,22.535211267605636,142,4,79966815,TATGATTTTATTTAAACAAATAATGAAATATTACTTTTTGGATAATACTATTTTTATGTTTACATTATTTTAGAGACTTAAAAAAATCACTGAAATATTTACCATGATTAAATGGCCTGTGATTGCTGCACATTCTTTTTGG
rs11117431,69.39623540531124,42.66666666666667,75,16,85981710,TATACAAGGCTACATTTACAAGAAAATGAAACTAGCCAGGCATGGTGGTGTGCACCTATACTCTCAGCTACTTGG
rs11145763,70.23623540531123,50.877192982456144,57,9,136369144,CGCCAGGCCAATTTTTGCATTTTTTTGTAGAGCAGGGATCTCACCGTGTTGCCCAGG
rs11168249,72.76004492912077,61.224489795918366,49,12,47814585,GCTCCCCAAGCAAGGGAGTGGCTTTGATCTTGGCCTTGTGCAGCTCCCC
rs11190133,64.9229020719779,22.0,150,10,99518968,CACTGCTTTGAAATTATGGTTGTTGTTTAGACAGATCTGCTGCTAGATTTTGTCATTTAATCAAATAATAAAGAATTGTGTATATTACCATATCATTATTTTTAAAAATATATTTTTATAATTGTATTTTAATGTCATTGGTTTATTTTG
rs11209026,66.82042784517377,31.958762886597935,97,1,67240275,CTGTTATGTTGTCAATTCTTTCTTTGATTGGGATATTTAACAGATCATTCCAAACTGGGTAGGTTTTTGCAGAATTTCTGTTTTCTGATTTAGACTA
rs11221322,70.06419239455856,48.38709677419355,62,11,128476898,CATTTGATGTATTCTTAACTCAGCTAACAGGCAGGCTTTCAAGCCACGTTATCTGCCCCCGC
rs11221332,68.69302552876803,39.50617283950617,81,11,128511079,GCAGGGTGAAAAAATTGTTCATCTAAGATGACATTAATCTCTGTATGCCTCCTTGGTACAGTTCTTTTCCACAACATGCAG
rs11229555,69.55863977689593,47.540983606557376,61,11,58641214,GCAAGTTGCAGCCCCAGCCAATCATAACTAACATTGGCTGCAAATGACCTTCCTGAGGTTA
rs11230563,74.90290207197789,71.42857142857143,42,11,61008737,CGGCCGCGGGCCTATCCACTGGGACCAGGTGAACTGCTCGGG
rs11236797,68.9029020719779,42.857142857142854,70,11,76588605,AGTCACAGTTTCCTGTTTTTCATCCACTAGCTAATAAAGTTATTTCCTTAGTATGCTGCGCGGCTGAGCC
rs11249215,73.0279020719779,62.5,48,1,24970693,AGGTCTGCTGCAGCCACATCCCATCGTGTCCCCAGGATACCCCTCCAC
rs1128905,73.0279020719779,62.5,48,9,136359387,ATGGAGAGGCAGATCTGGGCCTGGTGAGGTGACCTGCTTCTGGAGGGG
rs11363316,67.70664038973491,32.71028037383177,107,16,30159695,GAAATGTAAAATAGTAAACAGAAATATCTCCCAGCTCTTAAAATTAGGCAATTCTGGGAAAGGACATAACTCTGAATAGAGGTTATAAGGAAGAGTTTGGATTTAAC
rs114846446,69.65632672951216,43.83561643835616,73,2,2944140,GGATAAATGGCAGCCATTGTGGTAAAGAGAGGAAGTACCCCTGGAAAAAAAGACCTAAAGCTTTCTACTCCAG
rs11574938,73.30715739112684,63.829787234042556,47,16,30474072,CATATTCCCAGAAGTCAACGCCCTGGAGGGGAAGCGCAGGGTGCGGG
rs11580078,67.28525501315437,32.35294117647059,102,1,67203951,GCTTTCTGCCTGCCATTTTGAATATTACTTCTCCCCATTATATAAATATGGATAAATATGTGTTGGAAAGATGCTAAAAGGCTATAATCTCGCTTTTATTTC
rs11614178,66.90290207197789,33.33333333333333,90,12,68114342,TCTTCCATTTCATTCTTCCTTGAGCAATGTGTCTCAAAATACAATGAAGTTGAAAGCTCTAAAATGGGCGGAAATTTAAGTAATAACAAC
rs11616188,69.71956873864457,48.333333333333336,60,12,6393576,TGCTAATGGTGGCCTTCCTGCCACCTATATCTTCACATGGTCTTGCCTTTGTGCATGAGT
rs11624293,69.88595291943554,49.152542372881356,59,14,88022477,TTTATTGGGTGGACAGCAGTGCTGCAGTGAACGTGCTAGGAACAGAGAATGAGCTCACT
rs116488202,70.06956873864456,46.96969696969697,66,6,31377139,TTCATTCTTAAAATTCTGTTCCAGTGTCCCTATGCCCTAGTAAGCTAGGCTGGGCATGGTCTGAGG
rs11649613,75.6529020719779,75.0,40,16,11225500,CCGCCTCTCTGAGGAGTGGGTGTCCCGCCCCTCCGTGGGC
rs11675538,71.27578342791011,52.54237288135594,59,2,65459327,GCTGAATGGACACTCAGCGTGGGTTTGTAGGGAGGATTGTTAACTTGACCCAGGCTTCG
rs11676348,70.07433064340648,45.714285714285715,70,2,218145423,CAGAGACAGGGCTAAAGTCCTGGTTCCCATGAGGTGGTCAGTGTTTTTTCTCTATTCTGCTACAGTTATG
rs117372389,71.27578342791011,52.54237288135594,59,16,50634166,GGAGAGCACCCTTACTTGGCCCGTCTTCCAGAGACCCTCGAAATCTCCGAGAAGATAAA
rs11741255,72.43481696559492,61.702127659574465,47,5,132475490,AGATGGGGAGCACAGGGCAGGAGAGGCAGGACAAAGCCTTTGGCCCT
rs11742270,67.9029020719779,35.95505617977528,89,5,35881341,CACACAAGCTAACTCAGTCATGCCGTTTTTAGTTCAATCTCTTATTAAATCTTTAGTCAAATTCAGATTTCTTCTCCTCCCATTCTCCT
rs11749040,68.61718778626363,40.25974025974026,77,5,40396323,GACCACTACAATCACAATCTACCACAGAAACCTCAGAATGAAAACACACTGGGATTGATTCAAAGTGCTTCCTAGTA
rs11749391,65.43966677786027,24.264705882352942,136,5,150849504,CCAAAGGAAGGCATCAGAAAAAATATAGCACAAAATAAAATGTTACATATAAACTGAAAATATCAATAATTATATTTAGTGTTATTGGACTAAATGTTTTAGTTAAAAGTAAAATGATCATCAGGCTGGATTTTAA
rs11750385,69.7466520719779,46.875,64,5,10521556,GCAAGTTGTAAGAGCTTTGGGTCAGAAATGCAGTTGTCTTCTGATCACCCAATTGCCGGGAAAG
rs1182188,69.14965531873115,41.55844155844156,77,7,2830351,CTAGAATCCATTTGGAAATCAAAACAGGAGTCAGGTGGATGGAGATGAAAATACTGGCCTTCTGACTAAAGAGTCTG
rs11839053,69.52452369359952,43.24324324324324,74,13,106410694,GCCACTCCAGAAATGTCTTGTAACCTTTCAGAGCTTGTGCCTTTGTTCACACCAATCCTTCTACTTAGAGTAAG
rs12075255,71.56956873864456,55.55555555555556,54,1,206788283,TCCTGACCCAAGCCCTAGACCCCAAGCAAGGCCAATGGCAAACTACTACCTGTC
rs12131796,67.7779020719779,37.5,80,1,200909599,CACTAAGCCAAAGGCCATCCATGAAGCAAGTAGTTTTCTTCCAAAGACTCTAGTTTTGTCTTTTTGCATAACTTGATTCA
rs12141575,66.74835661743245,30.0,110,1,67281753,GAGTACCTACAATTGAATTCTATGTATTAAAACCGCAGAAAAACACATACAGATAGAAAATATTTTTAATCAAGGACTAGTATCCAAAGCAAAACAAAGTGGAAATTTGG
rs12146962,67.07433064340648,31.428571428571427,105,14,32911892,CCTCTGCCTTTGACTTTTTTTCTTTATACCACAGAATACAACTGTGGAAGTGTGTTTTCACTATATTTTGGAAGGATAAACTGGTATGAAAATATTTTAAATAGC
rs12186979,67.2431082575449,32.98969072164948,97,5,40524758,CAATAGCCAAGATTTGGAAGCAACCTAAGTGTCCATCAATAGACGAATGGACAAATAAATAGATAAAGGAAATGGATAAAATGAATGGATATACACA
rs12188300,70.76497103749514,51.724137931034484,58,5,159402519,GGCATGGAAATGACATCACCATGGCTTGAGTCAGAAGACCAAGTGGAGCTCTGGCACT
rs12232497,66.4954946645705,29.629629629629626,108,17,39883866,CAAGATAGTGATGTTTTATTTTCACTGTGAGCTGGCTTTGTTTCCTGCATAACTATAACAGATTGCTAATTAACATTGATAAATATATCTCATTACTTTTTCCAATCA
rs12369214,68.08768468067356,35.869565217391305,92,12,106804833,AAATATAATTCAAGGTCAGAGGTGTTAAGTGCTATAAAAGTGCTAGAGATTAAGTATTCTGGATTTAGAGGTGGAAGGGATTACTTCCTGCT
rs1250550,73.11342838776737,57.89473684210527,57,10,79300560,GGGGGCAGTTTGGGTGTAGAGGGAGTATCCAGAATGGGAGAGGAGAACTCAGGCTGG
rs1250563,67.8775856162817,37.9746835443038,79,10,79287626,TTGACCCAAGGTGCACATGTATTTGTGTATAAAACCAAGACAGAAGCTCAAGGACTAATCTTCATCTTTATTGTGTGCT
rs1250573,72.32882799790383,57.407407407407405,54,10,79282718,AGCAGGATGTCAGGAAAGGGTCAGGCTACCATAGCCCCGCAGCTATATCTGGGG
rs12598357,69.4029020719779,46.774193548387096,62,16,28329624,TACAGGCATGAGCCACCACGCCAAGCCTTGATTTTTCTTAGTATGTGGGCTCAAGTCATTCA
rs1260326,72.17373540531123,60.416666666666664,48,2,27508073,AGCACCGTGGGTCAGACCTTGCTGGTGAGAGTCCAGCCGTGACAAAGG
rs12615545,66.8155234312012,31.06796116504854,103,2,181183725,TAATTAGTTATTAAATAGTGTTTTTCATTCACAATAATTTCTTTCTACACTATTTTTAAAGCCCACTCCTATTCCTTGAGTGTGAAGTGGGAAGGAGCAGAAT
rs1267499,70.85674822582406,49.23076923076923,65,6,14715651,CCTGGTTCTCTCTCCATCATTCCTGCTTCTCTTTTCCCTTTCATAGCAGTGTCCCTAAGGGATGC
rs12718244,67.5279020719779,35.22727272727273,88,7,50136058,TGTCAAGGGGACAGGAGTTTATCCACCAGAAATTATAACATGCTCATTAACTGTCATTGATTTTGACGATTATTTTTAGATGGTTGGT
rs12720356,70.95553365092528,52.63157894736842,57,19,10359299,CGTGCTCCACGTACTCTGTCACCATGATATCTGTAAAGACACAGCTGCTCTGGGGCA
rs12758027,67.99967626552629,35.483870967741936,93,1,210621464,GGAGAGAATTACTTGGACGTATTTATGTCAATTAAGACAATTCATATTTTCTTAATCCATTTTGGATCTTCCTCTGTCTCCCAACTTCCTCTC
rs12863738,71.27578342791011,52.54237288135594,59,X,136949968,GGACTACAGGCGCCCGCCACTACGCCCGGCTAATTTTTTGTATTTTTAGTAGAGACGGG
rs12879003,67.35845762753345,34.44444444444444,90,14,35359535,AGCAATAGAGTAAGAGACATATCTTCTGTGCAGAACAATTTATAAACAGAAATTCACGCTAAGTTCAGAAATGCTCAAAACAATGTCCTG
rs1292035,68.48121532498995,38.55421686746988,83,17,59912196,GCTTATGAAAATAAATAATTGTCTTCTTTTACTTTGTTGCACTCCTAAGAGCAAGATGGGTCACCAGCAGCTGTATTGGAGTC
rs12928404,70.06419239455856,48.38709677419355,62,16,28835925,GGATTCTGTGGTCTTCCCGGCTACTTTTTTGTTTTCCACAGGCCCATGTCCAAACTGGAATC
rs12932970,72.2558432484485,58.82352941176471,51,16,85970504,CTGCTTCTGTTCACTGTGGCCTCCCTGGGCCTAGGATGATGCATGACAGGG
rs12942547,67.14428138232273,34.48275862068966,87,17,42375526,TTTCTCAAACTCTTCGCTCTCATGGCCCCTTTATTTATTATTTTTTAAATTTAAAAGAAATAATAAGCAAACCGGGTCAGGTGGCTC
rs12943464,67.68067984975569,37.03703703703704,81,17,47612985,GCTACCATGCCTGTAACTTTTTTTAAAAAGCCTGGAACATTTTTTAATAGCCAAAACTGACCTAAGAACTGACCCACAAAC
rs12968719,67.61554575013882,35.63218390804598,87,18,12879467,CCCTGCAATCACATAAATATATCAAGTTGCCCTTTCCTCATAAAAAGTCATTCATTCAGCACATATTTTCAAGTGCTTACTAAGCAC
rs12987977,66.35482514890097,29.807692307692307,104,2,102358876,AGATGTGCCAATGGATCAGATGATCACCTAGATTCAAAATTATGTATATTTTATGGATGTAATTCATTCAATAATTCAGCAAATAACAAAGAAACAAGCAGACA
rs13001372,73.0279020719779,62.5,48,2,62341086,ACGGCCTCCTGGGACACTCTGGATCCCTGGCAGAGAGCTCAACCCTGA
rs13107612,68.76172560138967,38.82352941176471,85,4,101818823,TATAGCAAAAAAGCTTAGTATATATAGAGTTCTATGCTATCTGTAGTTTCAGGGATCTGCTGGGGGTCTTGGAAGGTATTCTCCA
rs13132308,72.04806336230048,53.2258064516129,62,4,122629959,CCCTCCTGCTTCCTCTCTGGGTCTCTCTATTCCTCCTTCCTCTTTTGTTGCTCATTCCTCCC
rs13210693,70.7254827171392,50.0,62,6,109277761,GGGAGAAAGGTAAGTTAGGGAGACCAAAAGGCAAGAAGATGTGAAGTCCTGAGCCATGGGTG
rs1326986,67.42542459450043,31.53153153153153,111,10,19640584,GAATTTCAAAAAAGTTGCTAATTGAGATAACATTTATTCGTGTTCCTTTCTACTCTAACCCTGTTCTATATAAGATATTTTATGGAGTCTCCTAGCACTAGACTATTTTGG
rs1328454,68.9751912286044,39.75903614457831,83,20,49823486,GGCTAGGCTGACATCCAACTCAACTAAGGTAAGTAATGACACTTCATAGAATCACTCAATTTTATAGACAGAAGGGACTCTGA
rs1332099,72.76004492912077,61.224489795918366,49,10,99538694,GTTGTGGGATGCCCTCTGGGCTCTGTCAGCACCTCTTCCCTGGTGCTTC
rs1333062,68.53303905827929,41.0958904109589,73,1,160876494,AATCAGCCAAAGCAATACACATGCTTTCGAAATTTCCTATAGTGCTTCACCCCTACAGGAAAGGAATTCACAG
rs13407913,73.0279020719779,62.5,48,2,24874775,CAGCCGGTGAGGGGCAGGGTCAGAGTCCAGGGTTCCCCCCGAATTTAT
rs140135,70.7254827171392,50.0,62,22,29767846,GCAAAAACTAAAGGCTAGTGAGAGCAAAGGACTTACTAGCTGCACAGGAAGCCAGGGGCAAG
rs1405108,66.74835661743245,30.0,110,2,198880294,GGGAAAATCTTTACTTTCTAATATGAATAAAAAAAGAAATACTTCCTGAAAATGGAATGTTATCAGAAATGATGTTTTGTTTTCTAGTCACAAGGGTAGACAGCCTATTC
rs1525735,68.0858289012462,37.80487804878049,82,7,17157947,ACTTCTGATCCAGATCACACCTTTATTTCACTCATCCAATCTATTGGACAACTTTGAGCTTTTCTAGATTTCTTTTTGGGGG
rs1551399,67.61554575013882,35.63218390804598,87,8,125527723,GGAATCTTAGGAGGTCACTTTCCCTTTCTCATCTGAAAAAAAAAAATGGGGTTGATGTGATGATGAAAAGGAAATCACACATAGTAA
rs1569328,70.76497103749514,51.724137931034484,58,14,75275048,CTGTGTGCGGCAGCATTTACGTAGGCGGTACAGACAGCAGCCTTTCACTTAATGTTGC
rs1569414,72.2558432484485,58.82352941176471,51,22,45331684,GCTCATCCCTGGGCCGGTGTCATTCCGTGACAGGTGTCAGCAGATGAGTGA
rs16841904,69.27132312460948,42.10526315789473,76,1,197732862,TGGTATTGACAATGCCAATATAAGATCAGACAGAGCCTCTGGATTCTTTGTACACTAAGATGCAACCATCTCCTCC
rs1689510,72.10290207197791,56.36363636363636,55,12,56002984,GAGGCTAAGTCTGCAGTGAGCCAAGATCAAGATCAGGCCACTGCTCTCCAGCCTG
rs16967103,68.39657295805385,39.24050632911392,79,15,38606989,GATCGGATACATGTGCAATAAATTGGCAGTTTGGTCTGATGAATTTAATATGGATGTAAACGTGTGCAGTCAAGGAGAG
rs17030062,67.70522765337324,36.04651162790697,86,2,65234591,TTAAGATACGAACTACCCATCTGAACGATTATAATTGGAAGACTTTGAGTGATGTGATTATTTGCCACTTTGCCATGTTGTATGTC
rs17085007,67.22848346732674,34.883720930232556,86,13,26957130,CGTAGCATTTTAGTAGCACGTTGTAAAATATAACTTTGGGCATATTTAAACTTCTGCTTTGTTTTCTGGGAAAATCAACTGAGCTC
rs17095830,69.27132312460948,42.10526315789473,76,12,45381125,CCAGAACATTCCCATCTACCAGAGTGTGTCTCATCCTTAGACAATGCAGGATATAACACCATAACACTTTACTGCT
rs17192932,69.9029020719779,47.61904761904761,63,6,31354352,CATGAACAAATTCTGGTTAGTCATGGTAAGCGATGACACTCTAAACAGCCCACCACACACGCG
rs17293632,67.22848346732674,34.883720930232556,86,15,67150258,ACTTGTGACATTGTTTTATCTCTCTAGCCGGTGACTTATAATTAAGGAAGTCAAAACTGTGCAATTAACACAAAACCTCCTCATTT
rs174535,72.56327943046847,58.490566037735846,53,11,61783884,GGGAACTTCACCTACCACATCCCTGTCAGTAGTGGCACCCCACTGCACCTCAG
rs17466626,66.11586503494087,28.703703703703702,108,12,40366829,ACATAATTAAGAATTGCAGCAAGGAGTGGATCACAGATTTTGTTATTTTTTAAAAAAATGCTGGTCTTTATTCAATATAATTGAAGGGTCACCTAGAAAATAGAATTG
rs17622378,72.80674822582407,59.61538461538461,52,5,132442760,GGTGGAGTGGGCCAGAGCCTGAGACCTTTGGCTACTGTCTGCGGAGTTTAGG
rs17765610,71.38677303971984,51.61290322580645,62,6,89956054,CATCCCTCTGCTCTAAGCAGACCCATCTAGACTAAAATCCACTGGTCAGCAGTGGCCTCAAG
rs17780256,67.49326351776104,36.144578313253014,83,17,72646784,CTCCAAGTCTCTTAGAAACATGATGGCTATAAACTTATCAAAATAAATGCCTAAGAAATTTGGAAAGCGCGACAAATGGCCTT
rs17885785,70.06956873864456,46.96969696969697,66,11,2146620,GCACACTCCAAAGGACTGAGGCGGTGCCACTGTGTTACCATTTTATTGAGTGTCTAAGGTAAAGAC
rs1800682,69.35360629733002,43.66197183098591,71,10,88990206,GCAACATCTGTACTTTTTCATATGGTTAACTGTCCATTCCAGAAACGTCTGTGAGCCTCTCATGTTGCAGC
rs1801274,69.30588714660477,44.776119402985074,67,1,161509955,ACATTCTTCCAGAATGGAAAATCCCAGAAATTCTCCCATTTGGATCCCACCTTCTCCATCCCACAAG
rs1847472,66.26653843561427,30.303030303030305,99,6,90263440,ATAGCTTTTTTAAAAAATTTGAAAAATAAATCCCCAAACATAATTCTTCTGGCAAAATATTAAATCCTAACGAAGAAGGAGGCTTTCAGGGAAACAGTC
rs1860545,72.5029020719779,60.0,50,12,6337611,CCCTCCCGTGAAGCCACCATTGACAATGTCTGTTTCCTCCACCCCGGCTC
rs1870293,69.7917909608668,44.44444444444444,72,16,30959620,TCATTTCCCTCTTGTTTCCTTCGAGGACTCCTATTCTCCACCCTAGACAAGATATTCTTCAGGCCTTGAACT
rs1883832,73.59855424589095,65.21739130434783,46,20,46118343,GCCGCCTGGTCTCACCTCGCTATGGTTCGTCTGCCTCTGCAGTGCG
rs1893592,69.09468289389571,42.465753424657535,73,21,42434957,GTGTGGCATTTTCCAGTCCAGAATTGCAGGTATGTTTGAGGACTGTCTAGTAGGAAAGGTAACAATAACAGCA
rs196941,70.52976774361969,47.76119402985074,67,17,64069832,CATCATCTACCTCCAGACCTCATGCAGATAATGAGAGGTGAGATTTTGGGACTGATGCTGGGATTGG
rs1992661,68.08345762753346,40.27777777777778,72,5,40414887,TGTTGTTGTGGTGGTGGTGGTGGTGATGGTGGTGGTGGTATTATCTTTGTTTTGATTTTATGGATTTTTCCT
rs2024092,73.59855424589095,65.21739130434783,46,19,1124032,GCTGAGCTGGAACAGCTGGAAGGGAAGCAGGATGTCAGCCCGGGCC
rs2026029,67.12108389015972,30.909090909090907,110,13,49021195,TAAAATGATTAATATATACTGCCAAAATGAAAGTAGGTTTATATAATACTACACCTTAACTTGAACACGCTAGAGCTTTTCAAAGCCCCTATATGAACATCTTATTCTGC
rs2031610,64.62041619627169,19.774011299435028,177,10,88994730,ATATAGTCTGTTTTTTGTTCCTTTGCATGTTACACAAACCTTTTTCTATTTCTACATAATTTTTATCTCATATTTTTTATTGGATACATTATAGAGAGAGCATTTATTAAATGAGCTGGGATTACTATAATTTTTATTATTTATTTTTTAATTTATTACTTATTTTTATAATTTACT
rs2032890,72.5029020719779,60.0,50,5,96785448,CCAGTGGTGGGAGAAACCTGATCCGGTATAGCGGGGCCAGAAGAAGCTGC
rs2042011,64.98861635769218,22.857142857142858,140,8,128215706,GGCAACTTAAATTAATGATAACACCTTCATTCTGAAAAATTTTGAGCAATAATTATGAAAAATATAACAAATAAAAAAGTTTGTAAATAATGTTAGGTGAAAAGAAGCAGAACGTGTAATTAAATGTATACTAGAATTTT
rs2050392,72.43481696559492,61.702127659574465,47,10,30402574,AGCAGCAGAGGCTGCAGACTGCAGGAGGGATGGCACACAGGGAAGGA
rs2066363,65.91310615361056,29.591836734693878,98,1,81771892,TTAAATGCAGAATCAGACTCATAAAAGACTTCAAACTTTGGAATTCTTTCATTCTTTTTTTGCCCTTTTGCTTTTTTATTCTCAATCTCTTTTGCATG
rs2069835,70.06956873864456,46.96969696969697,66,7,22728252,CTGCCAAACCAGCCTTGTGATCTTGGGTAAATTCCCTACCACCTCTGGACTCCATCAGTAAAATTG
rs2075184,71.76956873864458,53.333333333333336,60,2,102464132,GGTTCAAGTGATTCTCCTGCCTCAGCCTCTGGAGTAGCTGGGATTACAGATGCGTACCAC
rs2075726,71.67483189653932,54.385964912280706,57,22,36914004,TGGGGTGAAGAGAGCTCAGGCCTGAGAGTCAGGCACCTATAGTCTGTCTTCGCTTTG
rs2104286,70.08238925146509,43.58974358974359,78,10,6057082,CTCTGATAGCCCCATGCTCAGTAGATCTTACCACATATGACTTGTGTTACCATGACTATATCTATGCCTTTCTCCTCC
rs2111485,69.39623540531124,42.66666666666667,75,2,162254026,CACAGACACCAGCATGGGGTCATAAATATAAAGCCTAGAAGGGTGGAATTTCCCTGAGGAAGAAGAAAGAAAATG
rs2143178,71.7896945248081,56.60377358490566,53,22,39264824,CAGCAGCGTCAGACCCTCAAAAACTCCTCTCCTTTGCTTTCCCCAACCCTCCC
rs2145623,70.81030947938531,53.70370370370371,54,14,35370030,ACAGCCAGTCAGCTTTCGGAGAAACAGGAAACGGTCTCAGACTGGTCCACGCTT
rs2192752,68.29040207197791,38.75,80,2,102152913,TGTAGTCTAAGGAAAATACTTTGTGTTGAACTAGTCAGGCTGTTTTATTGATGGCCATTAAAAGGCCTTGTGCTTAGGTC
rs2234161,74.22108389015972,68.18181818181817,44,1,2559766,GCCTGTGGATGCTGTCCTGGCCTGTGGATGGTGTCCCGGCCTCC
rs2236379,69.19103766519825,47.45762711864407,59,10,6485181,TCTTTTTCCCGGTGTCGGTAAACATGGCAGCCTTGCTTCATTTTTGATGGAGCATGGGA
rs2242944,67.61554575013882,35.63218390804598,87,21,39093252,ATAAAGCATGAGGTGGGGAGAGTTCCAAAGGAAACCAGTGATACTAAAACATACAGAATTATCAAACAGTGTTTATGCTTCTGTTAT
rs2266961,70.7254827171392,50.0,62,22,21574308,GCCTGCCATGTCTTAGCTGAGTGACCGTGGGCAAGTTACTTTACCTCTCTGTGCCTTAGTTA
rs2274894,68.84956873864456,41.333333333333336,75,17,27772145,GTTCTCCAGAACACCATGAAAAACTCATCTACTGTGTAAGTTTTGGAATCCCTGCACACAAGTCTTTCCTTCTCT
rs2283790,70.61199298106881,52.72727272727272,55,22,21602364,AGGAACACACCACAAGGACGTGCCATGTAGCAGCAGTCCAAGTCAGACAACCAGA
rs2284553,72.5029020719779,60.0,50,21,33404389,GGCTCAGAACTGTCCGGGTCCCATCAGTGTTGGGGCGGAAGAGGAAGAGT
rs2297518,67.7779020719779,37.5,80,17,27769571,TGAATTTGTTGTTGAGCTCTTTCAGCATGAAGAGCAATTTCTTCAGTTTCTAGAAAGAGAGGGAATGACAGAGTTCTCAA
rs2297909,74.48985859371703,67.3913043478261,46,1,200991179,GCAGCAGGGAGAAAAGAGGGAGCCGGTGAGCAGGGTGGCCTGGAGC
rs2301436,67.44222791467453,34.831460674157306,89,6,167024500,CTGCATGTCTGGGTAATGGAAAAGGGCTTCTGAAAAAAATCACAGTGAAGAGGTCAATTTAGTTTATATCAAACAGAATTCTAAAGAGA
rs2310173,68.50546617454201,39.743589743589745,78,2,102047167,CCCTTGATGTTGGCAGGGACAAAGAAAGTGAATTTTCTGTTTAAATATCATTAAGGAAGTGTGTGGAAGTCAGTCACG
rs2328530,68.30290207197791,40.0,75,6,20643496,GCATTTAACTTCTACCCCTCTGGAAGAGTTTTTGCAAAGTTGATGGTGTTTCTCGTAGTTGATGGCATCTTAGAA
rs235316,67.68067984975569,37.03703703703704,81,21,44852190,GAAACACACACACATACACACACTCTCTCTCCCTTTATTTTTTATTTTTTTTTGAGACAGAGTTTTGCTCTTGTTGCCCAG
rs2394250,69.77054913080143,45.588235294117645,68,6,29975879,AACCCCCATTAGACAATGAACCATCCATGATCACTAACTGTGTCCCTTCCATCTTCGTCAGCTTTAGG
rs2402752,66.50816522987265,28.947368421052634,114,7,124799545,CTGAAATATAGTAAAGCCAAACATAAAATTACCTTGTAACTCTGTAATTGCATTTGTAAAGAGACAATATAAAAATTCTCGGTTGAAATCATCTTCTAATGATTGAAAGTCCTC
rs2429929,69.65632672951216,43.83561643835616,73,17,71725783,GCCTCTGATGTTCTCTTCCTAACTGAAGAAGGAACAATACCAAAGTCTAGTTGACCATACAGACCACCTGGTA
rs2451258,69.30588714660477,44.776119402985074,67,6,159085568,TCTGGTCTTTTTTCCATCCATGTTTGACCCTAATGTGTCTTTCCTGGCCTTCATGAGTTTTCGCCTG
rs2476601,69.93107108606242,45.07042253521127,71,1,113834946,AGCTTCCTCAACCACAATAAATGATTCAGGTGTCCATACAGGAAGTGGAGGGGGGATTTCATCATCTATCC
rs2497318,68.61718778626363,40.25974025974026,77,10,92672243,CCTACAATCTCTTTAGCAAATTTTTGCTTGGCTATGGCCTTGGTTTGCTCTCCTAAAGATGCCTTTTCACTCTTTAC
rs2516514,70.95553365092528,52.63157894736842,57,6,31479358,CTTGTCAGTCTGCCTGTCTGCCTGGTTCCCTCTCAGAGTTTGTGTCTTCACTCGGTT
rs2531875,68.19237575618843,39.473684210526315,76,17,27821141,CACAATTAGATTTTGTGCACTGCATATCACTTCTACCCTAATTTTTTAAAAGGGGATCAATTGCTGGCCTCCAAGC
rs2538470,70.22597899505483,47.69230769230769,65,7,148523356,CGCCTGGAGCATGAAAACACAGTCGTGAACTTTAGCCCACAGGAGTCTCAAAGAAAATGAGAGAC
rs2549803,67.16820819442688,32.6530612244898,98,5,96839226,TACGTAAAAGGTGTGTCACTAACCAGTAATCTGCCTCAAGCTTCAGATATTTAGAGTTTTTATTAAAGCTTCATTATGTAAACATGATTGATTGAAGC
rs259964,70.36123540531123,45.83333333333333,72,20,59249254,CCTGGCTACTCTTTGGATTAAGCCCCCTCATTACTCTCTTTACTACCCCCTGCTTATCATGAGTCTGTAGTA
rs26528,72.76004492912077,61.224489795918366,49,16,28506388,GAGGCTGCTGACATCTTGGTCCCAGTGCTCCACTTGTGCCAGCACCTCG
rs2666218,70.9029020719779,50.81967213114754,61,2,9262859,CCTCCATGGCCTCAGGAATCAAAGTCCTCAGTCTCTTTCACGCGGGGTTCAGAAAGAAAAC
rs2738774,67.73147350054934,40.0,70,20,63637985,GCTGGGATTACAGGCATGAGCCACCACGCCTGGCCTACAAACTCTTTCTTTTTTTTTTTTTTTTTTTTGA
rs27434,67.5279020719779,35.22727272727273,88,5,96793809,TAGAAGCAATATAAATGTAGTTTATACTTTATTAAAAGTGTGAATGAGCTTATACCTGGTGAGCCAGTTCATGGGCCACAGTCATTGT
rs27529,68.80290207197791,40.0,80,5,96790605,TGGAGATACTGTACAATACCACTTTTAAATGCGTCAGCACTAAGATACTCCCTTAGCATATTCAGAATACAAGCTCCCTG
rs2779255,69.4886163576922,44.285714285714285,70,17,27810514,CAGAGGGTGTGGCACATAGCAGGTCTACAATAAATAGGAGTTTCGTTTTTCCAGTCTGTTTCTCATCCAG
rs2807264,69.9029020719779,47.61904761904761,63,X,136583619,CTCTGTCACCCAAACTGGAGTGCAATGATGAAATCATGGCTCATTGTAGCCTTGAACTCCTGG
rs2812378,69.9029020719779,47.61904761904761,63,9,34710263,TGGCACCCAGCCCCACTTATCTCAAACTAAATGGACAGTCCTCAGCTGCCAAATTTTATGTCC
rs2816958,70.58086817367283,50.847457627118644,59,1,200132792,TCAACTCCTCTGAAAGGAGTTGGGAAACTGCATGGGATCACCTCCAGGAGCCTTAGCAA
rs2823288,67.11795583541875,33.33333333333333,93,21,15448569,GGAGCACAATCCCACATTAGGCCCCATTTATACTGATACATTTCCAGTGGGTGTATTTTTTTGTTTTTAAAAATGAGGTAAAATTTACATAAC
rs2836882,68.2793726602132,37.64705882352941,85,21,39094644,AAGGAACATGAGTTCCTTTTTTCCTGGTATTAGAAGTGCATCAGTTCAAGTATGAGTACATGAAAAGTGAAGAATAAGAGGCTGG
rs2836883,71.47186758921927,53.44827586206896,58,21,39094818,CCAGTCTCTAAAGACATGCCCATGAGCCAGGCAGCACATAACAGAGACAGGGAAGAGG
rs2844510,72.01828668736252,57.692307692307686,52,6,31442631,GAAGCCTGGGGTCACAGCACTCGTCTTGCTGGATGGCTGCCTCTTCATTGTC
rs28533662,66.59608389015973,32.95454545454545,88,6,31358156,ACTCTGCACATCCAAGCAGTGTGCGTATTTTATCTGAACACTTGGTATTTTTGTAACTCTTTTTTTTTTTAATCATAAGGAGCCAATT
rs28550029,69.30588714660477,44.776119402985074,67,7,26832962,TCAAAAGCAGCTGGCAGTAAAGGCTTGTGTATTTGGGCTAAATCCCAAACTCCACTCTCTCATTCTC
rs28998802,69.52452369359952,43.24324324324324,74,17,27797882,GGGCTCAAGTTCCAACTCTGTAAACTCTGTAATTACCAGTCATTCAGGCTGGGGGAAGTCATAATCCTATTAGA
rs2910686,67.61554575013882,35.63218390804598,87,5,96916885,AAATTCAGAATTCCTGAACTTAAATCCCAGCTCACCATTTACTCTATGACTTGGGTAAATCATTTAACTTCTTTAGCCACATTGTGG
rs30187,69.91782744511222,46.26865671641791,67,5,96788627,CCCTCACTGTGATGGTTATTAGGGGAAAACCCTTCTGCAGTGTCCAAGTGTTCATCATGGTTTTCAC
rs3024493,70.22174265168805,46.3768115942029,69,1,206770623,TGGAGGCCTGACTGAAGCTCTGGGATCCTTTTATGAAGAGAGAGGGGAGTAGTTAATAACCCACAAATG
rs3118471,66.95240702247295,31.683168316831683,101,10,6060794,GGCAACAGAGTGAGACTCTGTCTCAAAAAGTAAAAAAAAAATAAATAAAAATGTAATAAGTAAATAAAATGCCCTCTTTAAAGACACTCCTACATCTGGGC
rs3124998,71.562476540063,59.57446808510638,47,9,136494980,ACAGGACCAAAGGACGCAGCCCATGGCGTTGCACAGCTCAATGTGCC
rs3184504,72.70724989806487,63.04347826086957,46,12,111446804,CTCCAGCATCCAGGAGGTCCGGTGGTGCACACGGCTTGAGATGCCT
rs3197999,72.70724989806487,63.04347826086957,46,3,49684099,GCGTGAAGACAGCTGGCCAGCAGGACCTTGCGCATACTCGGTTGGG
rs34779708,67.81401318308902,35.55555555555556,90,10,35177257,CTTGATTATCTTTGTGGCATGGGTATTTTCTCCTGTGTTTCCCAGAAGTGTAAGAATAATTCTCATCATTATCTTTTTTTCCTGTGATGG
rs34804116,67.4773701570843,34.04255319148936,94,5,73244023,GACTGTATATAAAGAAAAGACAAAGAAGACAACTGGAAACTGTTTTGGAATGAAGGGTAAACAGAGTCAAATGTAAACTCTCCCCAAATTAATG
rs34884278,66.55710767945453,29.906542056074763,107,1,172869708,TTGTGAATTAAAACCATAATGATATACTACCAAATAACTATTAAAATGTCTTGGAAAAAAACAGACAATACCAAAGGCTGACAAAGATGTAGAGTAACAGGAACTCT
rs34920465,70.37349030727202,47.05882352941176,68,1,22373858,CCAGCTCTGACATCCTTAGCCAGCTAGATTCTTTACTAATCGTCAATCAACTGGCAGATTCCTGCCTC
rs35164067,68.18197183941976,37.2093023255814,86,19,10414505,CCACCAGGTGCTAAAGGCTAGGTTGAAGAAATGATATTTACATTAGTTTCCATTAATTTACATTGAACTGAAGTGCTAGCTAAGGC
rs35300242,68.84956873864456,41.333333333333336,75,2,233260144,CTCCAAAGTTCCTGCCTGTCTCATCCTAATTAACCATAAAACACTGCACACTGTGCTTAAATAGTGATCTGCATC
rs35320439,72.2558432484485,58.82352941176471,51,2,241797926,CCCTTGTGTCCTCTCCAGATGCTGAGCTTGCCGAGTGCAGGTGTGGTGTCT
rs353339,65.93680037706265,27.11864406779661,118,5,40201698,ATATTATTTTTAACATCCTTTCTTTTAAACCCAACATTTCATGATGAAACTCTTCCCATGTTTTGAAAGTCTTCTAAAAGAATTTTAAATAGCTAATACTATTCCGCTGAAGAGTTAT
rs35667974,69.22234651642235,43.05555555555556,72,2,162268127,GAATTCTGGGGTCATATTGACGTGATGCATTTTCTCAATTACATGGATATCTTCCCCAGAACAGGCTAGCAC
rs35736272,67.5089626780385,33.33333333333333,99,17,39876427,AGAAATAGGAACTCATAAATGGGGCACTGCAGAAGATACTGTAAAATGCTGATAGTAAAAGAAAAAATAGGATTCTCACTTTCTCCTATCTTTAAGATC
rs36001488,68.39657295805385,39.24050632911392,79,2,233276621,CTCAGCCTCTTGAGTAGCTGGAACAATAGGTATGTGCTACCACACCTGGCTAATTTTTGTTTTTTAGTTTTTAAGAGAC
rs36051895,70.3872770719779,48.4375,64,9,4981866,GGAAAGAAACAAACTAACTCCTGGACTTCTCCCCATCCCTTCGTTTGAGCCTGTTTCCCTTTCC
rs367569,72.17876414094343,55.172413793103445,58,16,11271643,CAGGTCCGGTTGTGGGGTATATGCTAGACTAAGCCGTGAAGACTCTCTGGGTCTCTGG
rs3747517,68.48121532498995,38.55421686746988,83,2,162272314,CAATGTATAGCTTTATACATCATCTTCTCTCGGAAATCATTAACTGTCTCATGTTCGATAACTCCTGAACCACTGTGAGCAAC
rs3749171,73.0279020719779,62.5,48,2,240630275,CAACAGGTACATGAGCATCAGCCTGGTCACGGCCATCGCCGTGGACCG
rs3766606,69.09468289389571,42.465753424657535,73,1,7962137,CCAGATAATCTGTAAATAGGCTAAAAAAAATTCGGAACCTCGTTGATCTGCTGTCGTTGGCAGTGAGAACTCC
rs3774937,67.0948212638971,32.323232323232325,99,4,102513096,AAAATGGTACTCAAGGCAGAGGCTATATATCAAAATTAAAATTCTGTGATACTATGTTTTTAGGGAAGAAGAAAACTGTAGCATTAGAAATGTAGACGC
rs3776414,70.23623540531123,50.877192982456144,57,5,10689450,GTTGCAGCGTCTAAGAGTCCACAGGAGTCATTCACAGATGGCGCTGTCCTTGTGAAA
rs378108,67.7779020719779,37.5,80,21,39097594,CCACATGTGCTTTTTCAGAAGATGACCTTTGGCAAAAAAACAATTTGTTCCTTTTCCTTTGGCCTTAACAAGATATCAGG
rs3806308,70.81030947938531,53.70370370370371,54,1,19816373,GATTTCCTTACTTTGCCCTCAAGGGCAAATGGTGGGGTGGCATGTGCACTCCCT
rs3853824,66.8155234312012,31.06796116504854,103,17,56803632,AAGCTCACTGGAAAAATGTATAAAGGAGCAAATGAATAAATGAAATAACTGTTCTTTCCCTATAATCTTGCTAAATCCTCCTTGGAAATTTTCTTGATATCTG
rs395157,68.84956873864456,41.333333333333336,75,5,38867630,GTCATCCAGCCTTATTCTTGATGTCCTCAGATTTTTCCTGTGGTCAAAGTACCTGATGAATCAGTGAAGCTCTTT
rs4129267,69.91782744511222,46.26865671641791,67,1,154453788,CTTGCTCAGCTTGGAGTGGGGTCAATTCTTAAAGGAAATGACATCACCTCATCTGAGATCCAAAGGC
rs41299637,71.08623540531124,51.66666666666667,60,1,200908722,CCAGCCTCTGGCCTTACCAGGTTTCTTTTACTCCTGCAGAGGAATCCCAAGTGCCAAAAC
rs4243971,71.35744752652336,54.54545454545454,55,20,32261714,TCTCCCACTGCCCTCCACCCCTTTTGCTCTCACCCTTTCATTTCCTGATCCCACT
rs4246905,66.81115895271185,30.275229357798167,109,9,114790969,GAAAGAGGATTAATTTTCTCATTGGGAAACTGTAGACTTTGCTTAAAAAGTGTCTCATATCATTTTCAAAATAGACTAAAGTGATCGAATATACCTAACAGCTAAAAAC
rs4333130,68.65871602546628,38.372093023255815,86,4,80028675,GGAAAAACCTTCATTCATTGTTGGGCCAGATGTGTTTATCTGAAACATAGACTAACTAGCTACTTAATGGGTTTGAATCCTTAGCC
rs4349859,68.82425038658464,38.20224719101123,89,6,31398010,GCAGCCTAATCCCCTTACCTTGAGTTAATAGCTTCGAGTAAGTACAAAGACATGTAAGAGAGTTTATCTAAAGAGCATGTTTACCTTTG
rs4389526,67.64203250676051,34.78260869565217,92,4,80025321,CAAAACAGGAGAATGGCTCAGTGCCATATGTCATAGCTATTCTGATCTAAGAAATGTTATACTCCATGAATTATGATTGACATTTCAATCCA
rs4418214,71.9233102352432,59.183673469387756,49,6,31423624,GAGAGAAGGGGCACGCAAGTGGGAATTCCAGCCCATGGCAGAGTGCACT
rs4463302,69.5952097642856,46.15384615384615,65,6,31375890,CTATTATATTGTTGAACCTTTGTAGACTGCAGTGCAAATGGCGGTCCCTGGAGCTGTCTTGTGCA
rs4552569,67.70522765337324,36.04651162790697,86,5,83877774,CAATACCCACAGACTGTCTCTTCGTATCCTAAGTTGTTATTTTGCATGTTTTAAAAAGTGGACATTGATACAAGCTACAAATGGAG
rs4561177,67.72707789615373,35.16483516483517,91,11,110091706,CCTACATTTGGTAGAGAATATTAAACTGAAAATTATCAAGTTTGAACCCCAATAAGCATCATGAATATCACTACCATTAGGCAGTCCAAGC
rs4625,73.0279020719779,62.5,48,3,49534707,GTCCGTCCATCTGCATCTCTGTCCCATGACTCAGGGGCGCCCACTCTG
rs4655215,71.31199298106881,50.0,66,1,19811221,CCTGAGACGTAGAGAGACGAAGGGACTTGTAAGTGGAGAACTGGAATTCAAGCCAGGTATGTCTGC
rs4672505,70.61199298106881,52.72727272727272,55,2,62333197,AGTGACTGGCAGCTGTGCATCATTTCCAGGAGAACTCAGCTTCGCATTGCAGGAC
rs4676406,69.91782744511222,46.26865671641791,67,2,240639691,ACTGTATAGGGGTATAACTTCTGCACAGTAAGCTGAACTTAAGGTGCACAGCGTGATACGTTGGACC
rs4676410,73.92671159578742,69.04761904761905,42,2,240624322,TGGGCAGGGAACCCAAGGGCACACACTGGGGACTGGGCCTGG
rs469758,68.0858289012462,37.80487804878049,82,5,96786011,GAGCACATCTAGAGTAAATAAAATAAATCAAAGTTCCATTTGCTCCCTTGCCTGAAGAAAGCTTTTCTCATCCAAGATTGGG
rs4703855,70.66004492912076,47.14285714285714,70,5,72398072,CGTATTCCTCTGGTGCTCAGAAAATCGGCACCTTACATAAGATAGGATGAAGGCAGAGTAGCTACCTGTG
rs4728142,71.47186758921927,53.44827586206896,58,7,128933913,GGTCACACCCCAAAAAGCTCTGAGCCAGTGTTAGTAAGAAATGGGGAGGAAGGCCCAG
rs4802307,68.39657295805385,39.24050632911392,79,19,46346549,CTTCAGTTAAAAACTCAAACACTGACCCTCAAGGTTGTACCCTTTTTGGCTTGAGAAACCACTAATTTTTCAGAGATGG
rs4812833,69.16760795433085,44.11764705882353,68,20,44440356,TGGAAGTAGAACAGCCAAGAACTTACTAAGGTATGTGAAGAAAAGTAACTGTGGCCAGGTGGTGCTGT
rs4845604,69.16760795433085,44.11764705882353,68,1,151829204,AGGCGGTTCCCTTTTCCTTTGTTCTCTCCTAGTTTCTTTACAGTGTTTCCTTTCATGCTTCAGGCTTC
rs4851529,66.95240702247295,31.683168316831683,101,2,102030838,TTTCAACTATAGTAACTGTTTAATAATCAAAAACATAGGAGGAATAGACAGAAATAAAAATTGTTGTACTTAGACTACGTGTTGACAAACCACAGCCTGTG
rs4869313,65.34125823636147,23.28767123287671,146,5,96888176,GAGTGAGACTTCATCTCAAAAGAAAAAAAAAAAGAAAGAAAAGAATAAAAGAAAAAAAAAGAAAAATCTGTATAAAGTATCTATTACAATTTACATATGTATTATGTTCATGAATATGTAGATATATGAGTTGTGTAGCACACATA
rs4917129,70.5085358747948,46.478873239436616,71,7,50283578,CTCCAGAGGGCGTTATTATGTGCTAGGGTCATAGAGCCAAATAGATGGACTTGAAGATACCATTCCTCTGC
rs4921482,68.0858289012462,37.80487804878049,82,5,159337470,GTGTGGGCCAAGCTAACTTTGGGAGAAATTTAGTTAAATTATAATGGCCCTTCCCAGATACTAAATTGCCCTTGTAAAACTA
rs4946717,69.9029020719779,47.61904761904761,63,6,106026874,CTGTGGGAGAACATGGACCAGGAAAACCATAGACAGGAAGCAGCGCTAAATCTAAACGAGTCA
rs4971079,66.74835661743245,30.0,110,1,155157915,CCGCACCTGGCCACAATTTTAAACAAGTATAAATAAATAAATAAATAAATAAAACTGTATCAGTGGACTTTTCATACTCTGTTACATTATGATTCATTGGTTTCTCTTGC
rs497871,67.493811162887,31.818181818181817,110,11,114476929,GAGGTAATTGCTTATAACCAAAAGAAGCCCCCTAAAGCTATTAAGTTATATTATTAAATTAAATGTACATCTACCATATGACTCTATCATTCCACTTCTAGGACAAAGAC
rs4986790,67.35834761653236,32.67326732673268,101,9,117713024,CATTGAAGAATTCCGATTAGCATACTTAGACTACTACCTCGATGATATTATTGACTTATTTAATTGTTTGACAAATGTTTCTTCATTTTCCCTGGTGAGTG
rs508063,66.68922685830269,29.059829059829063,117,1,169954535,CAAATAAAGGCAAGGAGGTATTAAATAGTTTGGTATTGGTAAAGGGTAATACTTTATTGTATTTCACAGCTTTATTAGTGTAGCATGATTAGGGAATCAGATATACCAAATAAAATA
rs55688811,70.9029020719779,50.81967213114754,61,7,147641371,GGAGGGTGGGAGTAAACTGGGAAGGAAAGTAAATGCTGTGCTGTGGAGTTGGGACTTCATC
rs55705316,68.9029020719779,42.857142857142854,70,1,206760172,TGGAGCATAATAAGTTCTGAGTGAATAAGTGTGTATCTTGTAAAACCTCTGGCTTGGCTTGCCTCCAAGC
rs559928,69.4029020719779,46.774193548387096,62,11,64382898,CCAAATCAAACCTCTTCCAGGTCCTCAAATGCATTGTGCTCATCCTTTGCACTTGCTGTTCC
rs56167332,71.88504492912077,55.35714285714286,56,5,159400761,GCATCCCTGCAACTACACCCTAGGGGAAGTTTCTTGGTCTTCTCAATGCCAGGGGC
rs568617,71.08623540531124,51.66666666666667,60,11,65885771,TCCGAGTTCTGGCCTCTCTCTGCCTTAAGTCACTGTGTGACGTGTCTCAAGTCACTTCTC
rs582757,67.39763891408317,33.68421052631579,95,6,137876687,GCACTGTGCTTTGGAAATATTATTTTACTGCATTTTTATCCTTTTAGCATTCTTGTGAGATGTAGGCCTTGGTAGCCTTATTTTACATATTAGAC
rs587259,71.47186758921927,53.44827586206896,58,19,34165501,CAACAGGATCTACTTCCTCTTTCAATCCAAGGCCATGCTCCTCCCAGACAACCCCAGC
rs59867199,69.68212285119868,42.857142857142854,77,4,122531076,AGTCCCTGACCATTCAGCTGACCATTAGCTACAGTCCATGTATCAGTCTATAGTTATATGTCTGGCCATATAAGCAC
rs602662,71.01610961914771,54.71698113207547,53,19,48703728,TGTCGGGAGAACATTGACACCTCCCACAGTGATGTGGTGTTTGCTGGCGATGG
rs6058869,68.82425038658464,38.20224719101123,89,20,32760944,CTCTTAGGTAGAATAAGATCCAGTAAGTATAGACACTTTTGCGGTATCCAAAGAATTAACCCTTCACTCATTTACTCACCTGGTAAGAG
rs6062496,73.30715739112684,63.829787234042556,47,20,63697746,CAGGGCACAGCCTCCCCTGGAGAGCTCTGGGAAAGTGGGCAGCAATC
rs61199332,69.0333368545866,43.47826086956522,69,8,11573132,AAACACTTGGCCCAACTCCACCCACATATCACCCCTGAGATTAAGAAAGTGCTCTCAAAGGATATTTGT
rs61839660,69.16760795433085,44.11764705882353,68,10,6052734,CAGAAAGCAGCGGCTTCTGAAGGAGGTATTTATTTTGGTCCCAAACAGAAAAGAGTGGGTGATTCTGT
rs62097857,69.30588714660477,44.776119402985074,67,18,12857759,GTGATGAGCCACCTGTTTCAGAGGAAGTGAGTCAAATCTTCAAGTGTGCTGCAACTGAAGAAAATGG
rs62131887,73.05976481707594,60.78431372549019,51,19,10476920,CCTCTGCCTTCCGGGTTCAAGCAATTCTCCTGCCTCAGCCTCCCAGGTAGC
rs62324212,67.68067984975569,37.03703703703704,81,4,122639784,CACAAAAAACTTCAGCTTTTCTAAGTCACTTTTCTAACAATGCAGACTGACACATGTTTCTCTTTTGATCAGTGCTCCAGT
rs6425143,69.03110720018303,41.02564102564102,78,1,172875212,ACCCATGTATTAATATTACATGCTGAGCAATATTTGGAGAGACACATGAGTTACTGACACATTCACTAGGGGACCAGC
rs6426833,69.9029020719779,47.61904761904761,63,1,19845367,ATCTCCAAGACATTTGTTTCCTGAAACAGCTGAGTCAGCAACGGAGAGACCTTCCTCCAGTGA
rs6434978,68.2793726602132,37.64705882352941,85,2,198702963,TGCAGTGGGCTATAGGTAAGAAACAGATGAATAATTAACAAAGAGTTCCATCCTGTTAACCAGAAAGAGTAAAAGTACTGTGCTC
rs6466198,72.01828668736252,57.692307692307686,52,7,107839681,CCTGAAACCCTTGCAGCTCCTGAGCACTGAATGGCCACCTGCCAACAAGAGC
rs6502398,70.4029020719779,50.0,60,17,14832175,GAAGAAACTGGCACAGAGAAGCTAAGGAAATTGCAGAGGTCACACAGCCAGGAAGGGACA
rs6556411,69.5952097642856,46.15384615384615,65,5,159356215,CTGCCCAGTCTTCCTCATGCCCAAAGTGCTCTCATTCTGTTCATGATAACGCCCAAAATCTTTAC
rs6556416,67.61163993605557,33.00970873786408,103,5,159391737,ACATAAATTTTCAACTGCATGGTGGGGTCAACATTACTAACCCCCTCACCCTTCATGGGTGAACTGTATTTTTATATCTATATCTAATCTATATATCTATATA
rs6561151,67.72707789615373,35.16483516483517,91,13,43910570,TCACAGAGGGTGACTAAATTCATCTGAGGGGGATTGTATAATTCCTATTACTACTTTCTTTTTTTTTTTTTTTTTTGAGACGGAGTCTCGC
rs6600247,69.44835661743244,45.45454545454545,66,1,24978623,CTCATCCAGATAGGTGAACAATCGGTTAGCACCTTGCTGAAGCTTTCACAACTTCCACTTTCTGCA
rs661054,68.91556029982601,40.50632911392405,79,11,114559688,CCCTTTTCTTATCTTTCTCTGACTTGAGAGAACCCCTCAGCAGACACAGTCTTTCTAATTTCTTTTGCTTTGTTCTTCC
rs66504140,68.0858289012462,37.80487804878049,82,18,69894282,CAAAGTGGATCTAGGTTTTGTGGGGGCTGGAATCTTACACAATTTAAGGATTCATTGTGACAAAAGAGACAAATGCCTAATA
rs6651252,69.88595291943554,49.152542372881356,59,8,128554935,GTGCTTGACACATAGGAGGAAAAGTGGGCTCTTTGAAATGTGAGCAGAGCACCGATCGT
rs6679677,68.29040207197791,38.75,80,1,113761186,GCGAACAAGGTCTGAATCCTTGCTCCCAACCAATAATCTGTGATCTTAAGCAATTTATTCAACTAACAAGCCTGTTTTCT
rs6689858,69.16760795433085,44.11764705882353,68,1,197406337,GCTGTGTCCACTCAGGGTTAAATGGATTAAGGGTGGTGCAAGATGTGCTTTGTTAAACAGATGCTTGA
rs6693105,68.18685268926185,38.2716049382716,81,1,152618187,GCAAAACTGGGGACTGTTCAACCCAAGCTATGATGGTTCTTGAGATAACTTCAGAAAGATGAAAACAAATCATATAGCTGT
rs6697886,71.9233102352432,59.183673469387756,49,1,1238231,CCTGGCTGTCGCAACACAGATATCATCACACCCGGGCACCCGTGAGTCA
rs6759298,69.16760795433085,44.11764705882353,68,2,62341310,TCTCTGTTTGTTTTTCTCTTCCAACACAGTGCCGTATTTACCTACAGAACCACCACAAAGTGACAGCC
rs6781808,68.48121532498995,38.55421686746988,83,3,137722530,GCTAACAGCTATCTGTATTGTCTTTGTCTTTATGCCCCATTTTACCCCTTAACTGTTATTTTAGTGAATTTTGGGGACACAGC
rs679574,69.44835661743244,45.45454545454545,66,19,48702851,AAGTATGTGCCAAGTATTTACACACCTGAAGTAGAAGCAGACACACACCCACACTATGCCTGCACA
rs6863411,67.03965420873004,29.914529914529915,117,5,142133639,AGATCTGTTGCAATATATGGTAAATAGATCAGTATGGAAATTAGCTCTGATTAATCACATAACTCTTCAGAATACTTTCATTTGATACAAGTACATATTTAGGAACTTCTTAAAGGG
rs6871626,72.10290207197791,56.36363636363636,55,5,159399784,CCTGCTGGATGGAGGCGCCTGACCAAGTGATGAAGGACAGGTAACTTTCTCTGCC
rs6905036,69.93107108606242,45.07042253521127,71,6,31305369,CCACTTTCTCTTTACCAGTGTGAATGTCAAGTTCTCTTACTATCTCCGTCACTCTCCTCTCACACCATCCA
rs702872,71.27578342791011,52.54237288135594,59,2,60854175,GCATAAGCTCTAGGGAGCCAAACTGGACCATATGGGTGGTCTGGCAATTTCACCAAGGG
rs7042370,70.23077092443691,49.18032786885246,61,9,12785074,TACTCAAGGCCCAAGGGCTCTTTTTCACCTTATGGTGAATCTTGCCAGGCCTGGTTATCTC
rs706778,71.47186758921927,53.44827586206896,58,10,6056986,TTGGGGCCTCTCTCCCTGGAATGTCATTGATGGAAATTTACCAGTCCCTCAGGGCTCC
rs7097656,68.61718778626363,40.25974025974026,77,10,80491075,CCTTCTCAGCCTTGCAAGCTTGATTTTACAGCTTCATCTCCTGGTGATTTATCTTAGTATGTTTGGGGATTTTCTGT
rs7100025,65.73768468067355,26.956521739130434,115,10,37303610,AAATTGTTATATATTCATACAATGGAATAACATTCCAAAAATAAAATGAATGTGTTACAGGTACGTATAACAACATGAATTCATCTCAAAGACATTATGTTGAAGCCAGATTTGA
rs714830,67.31466677786025,35.294117647058826,85,6,20624151,GCAGTTTGGGAGAGTTTACTATTTAATTCAAGCAGTTTGTTTTCAAAATTTATGAGCAGACATTTGGTGGTTTGGAGTGACTACA
rs71559680,67.39346810971375,32.075471698113205,106,6,21430497,CATCTTCTATGCATAATTTATCTGACCTACTACCGACAGCATAACTAGTATATAAAATATCAAAGCTTTATTTGATGCTTTCCTGGGAATTCACTATTTTACCTTC
rs71624119,68.69302552876803,39.50617283950617,81,5,56144903,GCTCTTCTCCTTGCTCACTCATCTCAATTCCATGAAATATATCTAGAATGAATTGAAATGAAGATGCCTGATAAAGGGGGC
rs7217335,72.70724989806487,63.04347826086957,46,17,27771755,CAATGGCATTGACGCCTGCTTTGCAGAGCGCTGGGAGGGGAGGGTG
rs7236492,68.88650862935495,45.90163934426229,61,18,79460616,ATGGCCACTGGGGAAATGCCAAAAATACCTTGTGTTTTGCATTTCTGTCTCCTGATGGGCA
rs726657,68.84956873864456,41.333333333333336,75,9,114934056,CACCTTGCGTTTCTTGCTGCTGGTCATATATGTAGGGTTGACCTTCAATCTATGCTTCATGTTTATGGAAAGAGA
rs72743477,68.19867671986523,40.845070422535215,71,15,67171953,GGCTTTCAGCTTTTGAGATTGGCTGCTTTAGATTTATTTTCTATGGCATTTAAAAACCCTCCTGGGGCCAA
rs7281081,66.48133344452691,30.392156862745097,102,21,28099170,TTAAATCATATATTAAAAATTTAGGAAAGCAGAAGTTGTCTCCGGACATTCTAATGTCTTTCACAATACATCTATAAATCATTGCGATGACAGGACACATTT
rs72812861,70.95553365092528,52.63157894736842,57,5,173960506,GCCTATAAGCGTCGGTGGGTGGTTGTGTCTTTGGCCTGTACTGTTAGTTCACCTGCT
rs7282490,70.52976774361969,47.76119402985074,67,21,44195858,GTTACGTAGATCGTGATCAATAATGAGAAACTGTGAGGCATCCCCGTGGGATCTGACACTTCCTAGG
rs72867732,72.76004492912077,61.224489795918366,49,6,31392512,TGGCAGAGCCTCAGACTTCAGAGGGAAGGGGCCTGGAGCTGTGCTTTGC
rs72928038,67.39763891408317,33.68421052631579,95,6,90267049,GCCCTTTTTACATTACACACAAATAGGGACGGATTTCCTATAAGCTGATCTTGAAGAAAAAAAACATGTTAGACAAAGAAAATCAGAACTAAGAC
rs7313895,65.39632312460948,23.026315789473685,152,12,40350592,CTGATACACATTTTAATAAATGTGGGTTATCTTTATGTTGTGAGCTCTTGATTTTGTATTATAATTAATTGGAAAAGTTTTAACTTTAAGTATTCTGATCAAAATAGTCAAGTACAACTATAATGACTTTATCAAATATTACATAATTTTTC
rs73178598,67.00667565688357,31.132075471698112,106,3,18763719,GCTTGAACAAACTCTCACTAATTTACTCATAGTGGTAACATTGATTTCATCTGTACTCCTTTTTTTTTTTTCTTTCCTGTAATAGATCTCACTGTTAAAATCCAAC
rs7404095,70.37349030727202,47.05882352941176,68,16,23853269,GAAGTCTCTGTGGCTTGACAGAAGGGAGTTTATTTCTTACTCATGTCACTAACCAGTGCAGGTGGTCC
rs7426056,67.7779020719779,37.5,80,2,203747335,GCATGAGCCACCAAGTCCAGCCAATATTTGTATTTTGAATTAAAGTATGTATGTGAAAAATGAGAACACTGGCTCACTTC
rs7468800,68.84956873864456,41.333333333333336,75,9,114829725,TGGTTGCAGTAAAGTATTCTAGAATGACTGGAATACCCAGAAAACTGGGTAAGAATCATGTGTTCTGCTGTCAGC
rs74817271,68.5858289012462,39.02439024390244,82,5,151090412,GACAGGACTGAGCCAGTCTCATAAAAGCTATTTGATACTTACTTAAGGAATGAATGAACTTGACTCTGTGAGTTTCCTGGTT
rs74956615,67.44222791467453,34.831460674157306,89,19,10317045,GGTGGTTTGAAAAATAAAACTTAGAAAAGGAAACAGAAGTCAGTTGTCAAAGTTAAAAAAAAAGGAGACAGTCTCTGTATCTTCACGGG
rs7517847,70.22174265168805,46.3768115942029,69,1,67215986,TCTCTTTCTTACTCCTTTCACCTATTCCCAAGGCCTCAGCTACACCTGTATGTAGGCTAGAAACTGGAG
rs7552167,69.81079680882002,43.42105263157895,76,1,24192153,GCATATGACTCATAGTTAGAAGACCTCAGTGTTTCTTTCGAAAGTATAACTCCACTGTCATGCTCCCCTCCATAGC
rs755374,71.22982514890099,55.769230769230774,52,5,159402286,CCCGGGACCACAGCATGGAAAGCTTTTCACCCTACTGGCATCAGCTGCTTGT
rs75547560,72.32882799790383,57.407407407407405,54,7,5059438,CAGGTTCAAGCGATTCCCCTGCCTCAGCCTCCCAAAGTAGCTGGGATTACAGGC
rs7556897,66.39774743280265,30.927835051546392,97,2,227795396,GTGGTCTTGAAAATAGTTTGTTCTGTTCTGATTATAAGTAACATGTGTTTATTGTTTTTTTTTAAAAAAGGGTAAATATCCAGGTGCAGTGGCATGT
rs7608910,68.39657295805385,39.24050632911392,79,2,60977721,AGCCCACTTTTCTCATTTTTGTTGTCTATCTGGCTCTTATAGACATCTGAGTCTGTAATTCCTGATGGAGGGAAACAAA
rs76412624,66.35482514890097,29.807692307692307,104,3,18145113,CACTTGAAATATGGCTAGTGATGTGTTGCAAGTGTAAAATACATATCAAATTTGAAAGAAAATGTCTTATTCTTACAAACATAAAACTACGACATAAATCTGCC
rs7660520,70.85674822582406,49.23076923076923,65,4,182824168,CGGACCCCCCACCCAGTAACTGAATCAATGCAAAAAGACACGACTCCCTATGATTTCATCTCTGG
rs7672495,71.08623540531124,51.66666666666667,60,4,4990640,ACTTTCTTCCTCCATGATAGGAGAGGGCTGGATTGGGTTAGGGATGGCACAGTCAATGCC
rs77150043,72.80674822582407,59.61538461538461,52,16,50270338,CAGAGAAGCAGGGGTCTTCCAGAGGTTATCTGGTCCAGCATCCCGCCTCCAG
rs7725052,67.72707789615373,35.16483516483517,91,5,40487168,GTGGTCACATGGACAGTGATTCAGAGATGTTAGGAAATTTAGGTCACCATTTATTTAAAGCAACTAGGTTCAAAAGATCCTTATTCTTTCT
rs7731626,72.56327943046847,58.490566037735846,53,5,56148856,GGGTGGGGTGGTGGAGGGGGAGGGTTAAGAATTATAGCAGGTGTCTGCTGGCT
rs7743761,68.69302552876803,39.50617283950617,81,6,31368323,GTACTGTTTGTTTACTACTAGAAACTTGCTTTTTGAGAGACTAAGCAAAGCATCTACTCACCTATGACCCAGCAATAGCAG
rs7784778,68.26079680882002,35.78947368421053,95,7,46912235,TAATTACCACAAAGATCATTCTAGCCTCCTCCATATGTTTATCTATAAACTCTCACTTTAACAGTAAGAAATCTGGCTCACATCTTCCACTATCC
rs7805114,68.73184944039896,40.78947368421053,76,7,107809588,GGATGAAGTTGAAATCAAATTCTTGTCCAGGTGCCTCAGCTAAGTTAGGTACCTCCATTACATTATGAAGGCAAGT
rs7831697,67.78026056254394,33.0188679245283,106,8,137124061,TCTTCTTTTATCTCTACCTTCCCTACCTATCTCCACTTTCTGTGATTTATTATTATTATTACTAGCAGCAGCAGCATTATTATTAGTAGTAGTGGTAACATTGAAC
rs7848647,69.35360629733002,43.66197183098591,71,9,114806766,GGAAAGTATTTCCAGTCTGCATTGACCATTGTTTAATCAGAGTATGAGGCCACAGATCGAGGTGACTGTCT
rs7857730,65.39925243694141,24.087591240875913,137,9,5084049,CATTATTAATATTCTTTTGAGACATAATTTTAAGTGAATATACCATAATTTATTTACAACATTCCCCTTTATTGTAATTTTGAGTTAATTTTCTTTTGCTTTTTAACATTTTTAGTGTTTTCCATAGTTCCGTGAGC
rs7915475,67.98723942137549,37.34939759036144,83,10,62621908,CCCTCGTGAAGAAAAAAATACCCCAGTATCTGGAAATACAAACAAATGCATTAAGGTAACACTTGCCATTCAGAGTTACATTG
rs7933433,68.84956873864456,41.333333333333336,75,11,128324555,TGACAAGATAAAGGAAGAAACCTAGGCCCTAGAAAGGAAATTTTTCTAGGCTGATTTCTACCCCTGAAATGCACC
rs7954567,69.77054913080143,45.588235294117645,68,12,6381959,ACTCCAGCCTGGGCGACAAAGCAAGACTCTGTATGGAAAGGAAAAGAGAAAAGAAGAGAAGAGAAGAG
rs79568124,68.84956873864456,41.333333333333336,75,1,161533059,CACTTTTCTTTCCTTTTTTTAAACTGCAAGTCCAGCCTCTATAAATCACAAGTTCAGCCCCTAATTGGTCCTGGG
rs8006884,66.48133344452691,30.392156862745097,102,14,35094005,GGTGATTTTAAAATGCTGTTTAGAATTTTCCTTCTCAAGTATTTTGCATTGTTATAATAAAAAGACAAGTGCATGTTATCTTCAGCTGTTCATATAGCCACT
rs80174646,67.46480683388268,32.38095238095238,105,1,67242472,CATAGAGGCATAAGCAAGAAAAAAAATATTCAAAGTTAAGAGTCTCATGATAGTAGATAAGTCTTAATCCATGATTTTAGGATAAGCTGTTCACATTAAGGACGC
rs8036083,70.81030947938531,53.70370370370371,54,15,101227617,CACGCATGTGTGGGAGTGTGTGCATGTTCAGCAAAGACCCAAGAAGGCCCTAAG
rs8061882,72.5029020719779,60.0,50,16,11067551,GGAGGGTGAAGGTGGTTGGCAAGATGAGGCTGGGTAGGAAGCCATGCAGG
rs8070463,68.29040207197791,38.75,80,17,47691470,CCTGTCTTTTAAAAAAAAAAAATTGTAAGAGCTCATCAAGGAGACCTTCTCTGAATACTGTGAAGCAGATCCCATCCTCC
rs860262,65.66152276163308,24.137931034482758,145,7,28154778,ATAATTATTTATGATTCCCTATTCCTACCTTTTATTAATTATGGTACTTAATTTCTCAGTTTCAAAATTTCTGTAACATAATTGATTATAAATATATTCTATTTCCTACTAAGATGATGCCTACAATATTGAAAAAAAAAGGGGG
rs871656,70.58086817367283,50.847457627118644,59,2,102154822,CAGTCCCATTTCCTCAGCAAACCTCTGCATGTTGTGGGAACTTATGGCTTCTCAGCCTC
rs925255,69.30588714660477,44.776119402985074,67,2,28391927,TAACAGTCTGGAGTTTGCTTATAAACGCCCGATTACTCTTATTAGATGCGTCCTAATTGCCCGGCGT
rs928722,68.39657295805385,39.24050632911392,79,6,137652695,TGTCTGTGAGATTAATTTTTCTTGGTCATGTGGCAAGGATGCTGTCTTTAGCTCAACTAAGGAAAAAGTCCTACAACAG
rs9297145,69.35360629733002,43.66197183098591,71,7,99161494,AATTCTGGCTGACAGCTTAAGTCCAACCTCATAAAAGAACTTGAGAGCCAGAACCATCTAAATTGTCCCCC
rs941823,70.37349030727202,47.05882352941176,68,13,40439840,CCTTGCCTATCATGGGCCCCCTTTACTCTATGTTATTATTGGAGAAAAGCCACCATGCAAGATCCAGG
rs9491891,67.35834761653236,32.67326732673268,101,6,127956006,GCAGGGTACCCACAGTCTAACATTTACATAACATTTAAAATCCAGTAAAACCATATTTTATGGATATATAAATATGGAGGAAAAAGATGTTCTTGCAGCTG
rs9554587,69.91782744511222,46.26865671641791,67,13,99388400,CTGAACAGAGGCGGGGACTAGAGAGTCAAATCACAAGTCTTGCTCTTGGGATGATGGAGTAAATTGA
rs9687958,68.65871602546628,38.372093023255815,86,5,40496321,GGAAAAATCCAAGTCAAATGATTCTCATCTAACTGAATGGAGATGAATGGGTTATAAGCACTTATTGAACACCCACCACATACAGG
rs9797244,67.66578866991604,34.02061855670103,97,17,27770105,GGTGAGTATTTACTCCCTTTTCATAATTTATTTTTTAGTTATTCCCCTTCAATTACATTTTCATTCTTCGGAGCACTGGAGAGACAGTCTCATATTG
rs9889296,67.39763891408317,33.68421052631579,95,17,34243528,CATGACCAGCACAGACTAGGCACTTAATTACTGTTTATTAAATTAATGAATAAATAGACAAATGAATGAATAAGTAAATGCCAGGCCCTGTCCTA
rs9901869,69.39623540531124,42.66666666666667,75,17,47497840,CACGCTCGGCTTCAGCTGATCTTTAGCTAGCAATATTATTAGAGCTTGTTTGTCACTCGAGTTGACTGTATATGG
rs9977672,70.3872770719779,48.4375,64,21,39091357,CATGACAATGTTGTGCCCAAGGTCTTAGCACTAATTAGAGACAAAGACAGGACCAAGCCCCCTG
rs10000518,69.55863977689593,47.540983606557376,61,4,11502867,ACAAAAAGTGTGGCAAGCAGATTCAAGTGGTCACTTCCACATGTTCCGCACCTTCTAGCTC
rs10094579,68.97046963954547,41.891891891891895,74,8,89837077,GCTTTCCACACATCCTGTTTATGTGCAGTCAGAAGGAAGAAAACAAGAATGTGGATATGAGCAGGAAGAGAAAG
rs111305875,74.90290207197789,71.42857142857143,42,6,167098098,GCCTTTCCGCCTTCTCGGGTCCTTCCGGGTGCTGGAGCCGGC
rs114202211,68.08681011795491,36.7816091954023,87,1,113943285,TCACCCAAAACAGAAATTCTAACCATTAAGCAATAACTCCCTATTCTCTCTTCTTCCTACCACTGGTAATCTTGATTTGACTTTCTG
rs116046827,70.58086817367283,50.847457627118644,59,3,49618715,CTGTTGCCTCTGCCTAGCATGCCCTGTCACCTTGGCATGAACAGCTCATCTTTTAAGAC
rs11691685,66.74716436705987,28.688524590163933,122,2,144724260,CTTATCAAGAAATATAGAGACAAGACAAAAATTACCAATAATAGGAATGAGAGAACATCACTATAGATAATTTAGACTTTAAGAGGACAGCAAGGGATATTATGAACAATTTTATGTCAAGA
rs11871012,67.02290207197791,32.0,100,17,27295723,GGACAAAGAACTCAAAAGTTCTTATCAGTCCAGTGGGTTTTTATTTTACTTTAGTACACCATAATGTTATAGACGAGTGATCTGCCTTTTTTTTAAATCT
rs13388357,66.33879950787535,28.205128205128204,117,2,162465025,TGAATGTTAGGAAAAGCAACTATTTTTCTCTACCATGATCATTTCATAAAAGAATATGAAGATAAAACATCAGAAAGGGGAAAGTCTAGGAATAAAAGGCAATAATTTTAAATAAGC
rs1580226,66.518796111713,25.82781456953642,151,22,34413463,CAGGATATTCTTTTTAAAGGCTGAATAATATTCCATTGTGTATATGTATACATACAAACACATATACATATAATCTATATGTGTATATACACACATATGCATACATACAGTGGAATCATACATGTATATGTATGTATGTATGTATATTATG
rs17229679,69.0333368545866,43.47826086956522,69,2,198696033,GCAACAACTTTACTGTGCCAGTCAAACATGCATCATAACTGATCTTTGTACTCTGCTCAAGGTGCAGTG
rs17622517,70.22597899505483,47.69230769230769,65,5,132467845,TGGACCGGACTTCTCTGTAGCCCTTGTATTTAGTTTTCACTTCCTCTTTCTTGACCTCCTCCCAC
rs183686347,67.27652844560427,34.065934065934066,91,1,67237759,TGTACAATGGGTGAACATAACTCTAAATAGAAATTTCGAGTTGAAAACTTTTAGACATGACTATTTCACCATTGACCACTGACAGACCATT
rs28701841,66.04260795433085,25.735294117647058,136,6,106082455,ATCTGGAAATGATTAGTATTGCTATTATCATTTATTAAGTTGGTAGATGCTGAACTAAAGAAATAGTTTAAAAAATAATTTTAAAATCATATATAAATGATTAGATGAGAATACAACTGTCTTTCTGAAGGGAGGG
rs35018800,72.43481696559492,61.702127659574465,47,19,10354167,GCAGTCTGCCTTGAGGGCTTTCACCACCACCATCTCGCCAGTGCCGT
rs35874463,71.88504492912077,55.35714285714286,56,15,67165360,CCGAAAACACTAACTTCCCCGCAGGCATCGAGCCCCAGAGCAATATTCCAGGTAGG
rs7115956,69.1991983682742,40.74074074074074,81,11,110085620,GAATGAATCAGAAGGCCTAGCCCTTCTCAATGTATCTTTAGAGGTCTGTGTATAAGACTCAAACACTAGAGGAAGTCACAT
rs72796367,69.55674822582405,42.30769230769231,78,16,50728860,CTGTTGTCAGCTACCTCATATGTTCTCTAATCTCTGTCTCTGTGCCCTCAAAGACCCCCCTGAAAATAGAAATATTAC
rs72871627,66.88329422884064,31.372549019607842,102,2,162280432,GAGAAAAAGGTGTATTGATATTCATTCCTTAAATTCCATTTTCCAAGTGGAAAACTGACATGGAAAGAGTATAACAATTTACCATCATTGACAGAGAATGAT
rs72977586,68.53303905827929,41.0958904109589,73,19,1186317,CGTGCCCGGTCTCTCTTATTTTTTTTTTCTTCAACAGACTTTGCCTTTATGGGGAAAAGATGATGCCATAAGC
rs7874251,67.9029020719779,35.95505617977528,89,9,75888242,CTTCCTCCTACCTGAAATGCCCACAATTCTGAATTAAAAAAAAAAAAAGAGAGATTGACTGTCCCTTATATGTGTATTGAGATGTGGAC
rs79493594,71.47186758921927,53.44827586206896,58,20,44561731,TCAAACTTCTGGCCTCAAGTGATCCTCCCATCTCAGGTAAATAGGTGGGACTGCGCCC
rs9494840,65.37982514890098,24.615384615384617,130,6,137641937,TTTGGTAATTCCAAGCACTTGAAAATATCTATAAAATTCAAAATTCTTAACATTGTCTTTCCATTTTATTTATTTATTTATTTATTGGTGGAAAGCTTGTTATAATATCTTGAATAAAATGTGGTCCTGG
rs9947182,69.09468289389571,42.465753424657535,73,18,49727534,ATGACTGGAGGTAGTTTCCTGATTTTATAGGTGAAGGCTGGTTAAGTAACTTGTCCCTGTCCACTTGTGTTGT
